candidate_id,rank,score,reasoning
CAND_0018499,1,0.8800,Senior Machine Learning Engineer at Zomato with 7.2 YOE. Selected based on JD alignment.
CAND_0081846,2,0.8475,Lead AI Engineer at Razorpay with 6.7 YOE. Selected based on JD alignment.
CAND_0071939,3,0.8425,Data Scientist at Krutrim with 6.4 YOE. Selected based on JD alignment.
CAND_0006567,4,0.8375,Senior AI Engineer at Meta with 7.9 YOE. Selected based on JD alignment.
CAND_0080766,5,0.8275,Staff Machine Learning Engineer at Salesforce with 8.8 YOE. Selected based on JD alignment.
CAND_0087630,6,0.8250,AI Engineer at Vedantu with 7.2 YOE. Selected based on JD alignment.
CAND_0032216,7,0.8225,ML Engineer at upGrad with 6.1 YOE. Selected based on JD alignment.
CAND_0061257,8,0.8125,Staff Machine Learning Engineer at LinkedIn with 8.0 YOE. Selected based on JD alignment.
CAND_0037566,9,0.8100,Machine Learning Engineer at LinkedIn with 6.9 YOE. Selected based on JD alignment.
CAND_0058688,10,0.8100,AI Engineer at Vedantu with 6.7 YOE. Selected based on JD alignment.
CAND_0003841,11,0.8000,ML Engineer at Tech Mahindra with 5.0 YOE. Selected based on JD alignment.
CAND_0095213,12,0.7950,ML Engineer at Genpact AI with 5.1 YOE. Selected based on JD alignment.
CAND_0050454,13,0.7925,AI Engineer at Rephrase.ai with 6.8 YOE. Selected based on JD alignment.
CAND_0068932,14,0.7825,ML Engineer at Krutrim with 5.2 YOE. Selected based on JD alignment.
CAND_0083879,15,0.7825,Machine Learning Engineer at Ola with 7.1 YOE. Selected based on JD alignment.
CAND_0091745,16,0.7825,Junior ML Engineer at Locobuzz with 5.9 YOE. Selected based on JD alignment.
CAND_0014234,17,0.7800,Junior ML Engineer at Tech Mahindra with 5.4 YOE. Selected based on JD alignment.
CAND_0040955,18,0.7800,Junior ML Engineer at Rephrase.ai with 6.6 YOE. Selected based on JD alignment.
CAND_0068811,19,0.7800,Applied ML Engineer at Freshworks with 8.0 YOE. Selected based on JD alignment.
CAND_0017093,20,0.7775,ML Engineer at Zoho with 5.9 YOE. Selected based on JD alignment.
CAND_0094759,21,0.7775,Lead AI Engineer at Meta with 8.6 YOE. Selected based on JD alignment.
CAND_0005477,22,0.7725,ML Engineer at Zomato with 6.2 YOE. Selected based on JD alignment.
CAND_0020877,23,0.7725,Applied ML Engineer at CRED with 5.1 YOE. Selected based on JD alignment.
CAND_0046525,24,0.7675,Senior Machine Learning Engineer at Genpact AI with 6.1 YOE. Selected based on JD alignment.
CAND_0006418,25,0.7625,Machine Learning Engineer at Verloop.io with 5.7 YOE. Selected based on JD alignment.
CAND_0043860,26,0.7625,Junior ML Engineer at Aganitha with 6.1 YOE. Selected based on JD alignment.
CAND_0045250,27,0.7625,Applied ML Engineer at Rephrase.ai with 6.6 YOE. Selected based on JD alignment.
CAND_0060054,28,0.7625,AI Engineer at Mad Street Den with 6.4 YOE. Selected based on JD alignment.
CAND_0098217,29,0.7625,ML Engineer at Glance with 6.4 YOE. Selected based on JD alignment.
CAND_0076482,30,0.7600,ML Engineer at Flipkart with 6.6 YOE. Selected based on JD alignment.
CAND_0099806,31,0.7600,AI Engineer at Mad Street Den with 4.6 YOE. Selected based on JD alignment.
CAND_0045141,32,0.7575,Data Scientist at HCL with 5.3 YOE. Selected based on JD alignment.
CAND_0074342,33,0.7575,Data Scientist at Zoho with 5.7 YOE. Selected based on JD alignment.
CAND_0091909,34,0.7575,Machine Learning Engineer at Rephrase.ai with 6.9 YOE. Selected based on JD alignment.
CAND_0027691,35,0.7550,NLP Engineer at Haptik with 6.5 YOE. Selected based on JD alignment.
CAND_0044855,36,0.7550,Senior Data Scientist at Flipkart with 6.6 YOE. Selected based on JD alignment.
CAND_0055905,37,0.7525,Senior Machine Learning Engineer at Flipkart with 8.1 YOE. Selected based on JD alignment.
CAND_0084283,38,0.7500,Junior ML Engineer at Sarvam AI with 3.6 YOE. Selected based on JD alignment.
CAND_0048558,39,0.7475,Data Scientist at Rephrase.ai with 6.7 YOE. Selected based on JD alignment.
CAND_0069232,40,0.7475,ML Engineer at Yellow.ai with 6.3 YOE. Selected based on JD alignment.
CAND_0048166,41,0.7450,ML Engineer at Aganitha with 5.2 YOE. Selected based on JD alignment.
CAND_0071974,42,0.7450,Senior AI Engineer at Netflix with 7.8 YOE. Selected based on JD alignment.
CAND_0026942,43,0.7425,Junior ML Engineer at Verloop.io with 6.0 YOE. Selected based on JD alignment.
CAND_0051004,44,0.7425,Senior Data Scientist at CRED with 4.7 YOE. Selected based on JD alignment.
CAND_0064888,45,0.7425,ML Engineer at Verloop.io with 5.8 YOE. Selected based on JD alignment.
CAND_0079468,46,0.7400,Software Engineer at Razorpay with 5.8 YOE. Selected based on JD alignment.
CAND_0007009,47,0.7375,Recommendation Systems Engineer at Wysa with 7.9 YOE. Selected based on JD alignment.
CAND_0052328,48,0.7375,Recommendation Systems Engineer at Amazon with 6.5 YOE. Selected based on JD alignment.
CAND_0072721,49,0.7375,Data Scientist at Yellow.ai with 3.7 YOE. Selected based on JD alignment.
CAND_0052360,50,0.7350,ML Engineer at Wysa with 3.0 YOE. Selected based on JD alignment.
CAND_0011263,51,0.7325,ML Engineer at Ola with 5.1 YOE. Selected based on JD alignment.
CAND_0005509,52,0.7300,Data Scientist at Ola with 6.0 YOE. Selected based on JD alignment.
CAND_0012837,53,0.7300,Junior ML Engineer at Sarvam AI with 6.4 YOE. Selected based on JD alignment.
CAND_0038368,54,0.7300,ML Engineer at PhonePe with 5.4 YOE. Selected based on JD alignment.
CAND_0040178,55,0.7300,ML Engineer at Meesho with 5.0 YOE. Selected based on JD alignment.
CAND_0052431,56,0.7300,ML Engineer at Swiggy with 5.3 YOE. Selected based on JD alignment.
CAND_0064270,57,0.7300,Applied ML Engineer at Verloop.io with 4.2 YOE. Selected based on JD alignment.
CAND_0072688,58,0.7300,Data Scientist at Niramai with 6.9 YOE. Selected based on JD alignment.
CAND_0000273,59,0.7275,ML Engineer at BYJU'S with 5.8 YOE. Selected based on JD alignment.
CAND_0004848,60,0.7275,Junior ML Engineer at Freshworks with 5.7 YOE. Selected based on JD alignment.
CAND_0019159,61,0.7275,ML Engineer at Genpact AI with 6.1 YOE. Selected based on JD alignment.
CAND_0020350,62,0.7275,AI Engineer at Zoho with 5.8 YOE. Selected based on JD alignment.
CAND_0030946,63,0.7275,Junior ML Engineer at Yellow.ai with 6.7 YOE. Selected based on JD alignment.
CAND_0049543,64,0.7275,ML Engineer at PolicyBazaar with 6.1 YOE. Selected based on JD alignment.
CAND_0066690,65,0.7275,ML Engineer at Freshworks with 4.8 YOE. Selected based on JD alignment.
CAND_0070398,66,0.7275,Machine Learning Engineer at Genpact AI with 7.2 YOE. Selected based on JD alignment.
CAND_0074731,67,0.7275,Data Scientist at InMobi with 6.6 YOE. Selected based on JD alignment.
CAND_0079387,68,0.7275,AI Engineer at Microsoft with 6.9 YOE. Selected based on JD alignment.
CAND_0098288,69,0.7275,Junior ML Engineer at Vedantu with 6.7 YOE. Selected based on JD alignment.
CAND_0022463,70,0.7250,Junior ML Engineer at Zomato with 6.5 YOE. Selected based on JD alignment.
CAND_0040426,71,0.7250,Data Scientist at Tech Mahindra with 5.2 YOE. Selected based on JD alignment.
CAND_0049538,72,0.7250,Applied ML Engineer at Saarthi.ai with 5.8 YOE. Selected based on JD alignment.
CAND_0069905,73,0.7250,Applied ML Engineer at Sarvam AI with 6.6 YOE. Selected based on JD alignment.
CAND_0077337,74,0.7250,Staff Machine Learning Engineer at Paytm with 7.0 YOE. Selected based on JD alignment.
CAND_0099549,75,0.7250,Junior ML Engineer at Nykaa with 4.3 YOE. Selected based on JD alignment.
CAND_0091534,76,0.7225,AI Engineer at Flipkart with 16.6 YOE. Selected based on JD alignment.
CAND_0099751,77,0.7225,Junior ML Engineer at Observe.AI with 5.5 YOE. Selected based on JD alignment.
CAND_0043676,78,0.7200,Senior Software Engineer (ML) at Observe.AI with 6.1 YOE. Selected based on JD alignment.
CAND_0047542,79,0.7200,Senior Software Engineer (ML) at Meesho with 5.0 YOE. Selected based on JD alignment.
CAND_0008978,80,0.7175,Junior ML Engineer at Tech Mahindra with 6.7 YOE. Selected based on JD alignment.
CAND_0030348,81,0.7175,Machine Learning Engineer at BYJU'S with 4.5 YOE. Selected based on JD alignment.
CAND_0064256,82,0.7175,Junior ML Engineer at BYJU'S with 6.4 YOE. Selected based on JD alignment.
CAND_0008049,83,0.7150,ML Engineer at Niramai with 6.3 YOE. Selected based on JD alignment.
CAND_0015528,84,0.7150,Applied ML Engineer at Krutrim with 7.4 YOE. Selected based on JD alignment.
CAND_0021014,85,0.7150,Junior ML Engineer at Niramai with 5.1 YOE. Selected based on JD alignment.
CAND_0065514,86,0.7150,ML Engineer at Genpact AI with 6.6 YOE. Selected based on JD alignment.
CAND_0082489,87,0.7150,ML Engineer at InMobi with 5.3 YOE. Selected based on JD alignment.
CAND_0089947,88,0.7150,Junior ML Engineer at Saarthi.ai with 5.4 YOE. Selected based on JD alignment.
CAND_0007460,89,0.7125,AI Engineer at Salesforce with 4.7 YOE. Selected based on JD alignment.
CAND_0015057,90,0.7125,ML Engineer at Meesho with 4.6 YOE. Selected based on JD alignment.
CAND_0020225,91,0.7125,Software Engineer at Zomato with 8.5 YOE. Selected based on JD alignment.
CAND_0027723,92,0.7125,ML Engineer at Wysa with 4.2 YOE. Selected based on JD alignment.
CAND_0030031,93,0.7125,AI Engineer at Microsoft with 5.7 YOE. Selected based on JD alignment.
CAND_0096655,94,0.7125,Junior ML Engineer at Genpact AI with 5.9 YOE. Selected based on JD alignment.
CAND_0009837,95,0.7100,Senior Data Scientist at Rephrase.ai with 4.3 YOE. Selected based on JD alignment.
CAND_0015578,96,0.7100,AI Engineer at Zoho with 5.4 YOE. Selected based on JD alignment.
CAND_0018094,97,0.7100,ML Engineer at Mad Street Den with 5.2 YOE. Selected based on JD alignment.
CAND_0031515,98,0.7100,Software Engineer at Flipkart with 8.4 YOE. Selected based on JD alignment.
CAND_0037944,99,0.7100,Senior Data Scientist at Vedantu with 4.9 YOE. Selected based on JD alignment.
CAND_0042029,100,0.7100,Senior Data Scientist at Flipkart with 6.5 YOE. Selected based on JD alignment.
